69,root,13,2022-04-20 10:42,商品下架
70,root,"",2022-04-20 10:42,商品下架
8,root,13,2022-03-26 16:06,商品上架
9,root,14,2022-03-26 16:10,商品上架
10,root,1,2022-03-26 16:21,商品信息修改
11,root,2,2022-03-26 16:22,商品信息修改
67,root,13,2022-04-20 10:39,商品上架
68,root,16,2022-04-20 10:41,商品上架
1,root,10,2022-03-25 20:20,商品下架
2,root,10,2022-03-25 20:22,商品上架
7,root,6,2022-03-26 03:47,商品上架
3,root,10,2022-03-25 20:50,商品下架
4,root,10,2022-03-25 20:52,商品上架
5,root,11,2022-03-26 03:41,商品上架
6,root,12,2022-03-26 03:44,商品上架
71,root,40,2022-04-20 10:42,商品信息修改
